start_location,end_location,distance_km,transport_mode,transport_cost_per_km,accommodation_type,accommodation_cost_per_night,trip_days,trip_nights,food_cost_per_day,num_travelers,season,activities_cost,total_cost
Chennai,Manali,1196,bus,3.2,hostel,833,3,2,712,4,peak,2689,20553
Chennai,Udaipur,1826,train,0.75,hostel,998,8,7,202,4,monsoon,2645,18834
Mumbai,Udaipur,692,bus,1.98,hostel,719,9,8,352,1,monsoon,1442,13102
Hyderabad,Jaipur,2227,flight,8.68,hotel,1666,9,8,549,3,monsoon,1664,68476
Kolkata,Manali,1156,train,0.56,hostel,848,7,6,789,3,off-peak,1627,24579
Bangalore,Shimla,2422,train,1.03,hostel,833,4,3,778,3,winter,1502,18326
Chennai,Udaipur,676,flight,8.3,hotel,2867,4,3,625,4,monsoon,2105,31928
Bangalore,Kerala,956,bus,2.31,hostel,887,4,3,477,3,off-peak,2290,15092
Hyderabad,Manali,2471,bus,3.25,hostel,531,2,1,467,3,summer,2989,22384
Kolkata,Jaipur,2249,train,2.35,hostel,634,7,6,351,4,summer,2698,26900
Delhi,Shimla,398,train,1.66,hostel,511,2,1,669,2,summer,2224,6732
Kolkata,Goa,1322,bus,2.82,hotel,1534,2,1,787,4,peak,1733,17019
Bangalore,Kerala,1858,flight,8.13,airbnb,1408,4,3,525,3,off-peak,1045,41780
Bangalore,Kerala,364,bus,3.08,airbnb,1302,4,3,531,1,peak,686,8958
Kolkata,Udaipur,1435,car,3.18,airbnb,1614,3,2,748,1,winter,2198,16797
Mumbai,Manali,2499,car,4.09,hostel,492,2,1,336,4,winter,2939,26561
Mumbai,Jaipur,2099,car,3.8,hostel,426,10,9,569,2,monsoon,2676,33842
Mumbai,Shimla,2025,train,1.63,airbnb,1417,5,4,399,4,winter,961,21210
Delhi,Udaipur,531,bus,2.09,airbnb,1352,8,7,545,3,peak,1464,26228
Delhi,Udaipur,1944,flight,8.08,hostel,656,7,6,545,3,off-peak,2231,49027
Chennai,Jaipur,1418,train,2.35,hostel,549,9,8,668,3,off-peak,2237,31330
Hyderabad,Jaipur,1300,car,3.05,hotel,2492,2,1,254,3,off-peak,950,12896
Bangalore,Manali,2251,train,0.98,hotel,1754,10,9,298,2,monsoon,2789,28947
Chennai,Goa,707,bus,1.88,airbnb,1797,10,9,732,4,peak,591,48702
Mumbai,Goa,938,train,1.57,airbnb,1631,2,1,225,4,summer,1397,7773
Bangalore,Goa,2018,flight,5.18,hotel,1664,9,8,671,4,monsoon,1408,59782
Bangalore,Udaipur,1788,bus,2.83,hotel,1616,3,2,445,4,winter,655,19347
Bangalore,Udaipur,1715,bus,2.47,airbnb,1290,6,5,256,4,off-peak,1717,22783
Kolkata,Jaipur,2290,train,1.87,hostel,705,10,9,294,1,winter,655,18505
Delhi,Jaipur,1990,train,1.15,hostel,579,8,7,596,2,peak,1925,20091
Delhi,Kerala,1957,car,3.56,hotel,1665,3,2,730,1,summer,2524,21978
Mumbai,Goa,2467,bus,3.27,airbnb,2045,8,7,728,2,winter,671,42768
Chennai,Goa,363,flight,7.78,hostel,662,5,4,323,4,off-peak,2277,17033
Kolkata,Goa,570,bus,2.3,airbnb,1693,3,2,563,3,off-peak,2678,13753
Mumbai,Shimla,870,flight,7.68,hotel,1631,6,5,531,2,monsoon,1264,29154
Delhi,Shimla,1504,car,4.47,hotel,2581,5,4,503,2,monsoon,547,29347
Delhi,Jaipur,2148,flight,9.95,hotel,2155,6,5,279,4,monsoon,1899,62115
Mumbai,Udaipur,1090,flight,9.04,hostel,793,8,7,786,2,summer,1601,39435
Kolkata,Kerala,713,flight,5.72,hostel,836,8,7,310,2,off-peak,1361,20330
Bangalore,Goa,542,train,0.93,hotel,1871,3,2,225,1,summer,1129,6554
Hyderabad,Jaipur,339,car,3.99,hostel,579,6,5,599,4,monsoon,898,20874
Chennai,Kerala,631,bus,2.39,hostel,816,2,1,778,1,summer,829,6217
Kolkata,Manali,2315,bus,1.76,airbnb,1222,9,8,387,3,monsoon,2419,30793
Delhi,Manali,1973,bus,2.83,hostel,767,3,2,390,1,off-peak,1801,15672
Mumbai,Manali,2018,bus,2.76,hostel,734,7,6,479,3,summer,1502,27104
Chennai,Goa,1938,train,0.71,hotel,2736,2,1,301,3,monsoon,1942,9236
Bangalore,Shimla,2466,car,4.66,airbnb,2328,3,2,742,4,off-peak,1811,38354
Mumbai,Kerala,952,train,2.16,hotel,2497,9,8,616,4,winter,2515,48780
Bangalore,Manali,2106,bus,1.69,hostel,808,8,7,730,3,monsoon,1548,31842
Kolkata,Kerala,363,train,1.83,hostel,562,8,7,642,1,summer,944,11343
Delhi,Jaipur,542,flight,8.79,hotel,1601,8,7,442,1,peak,661,24932
Delhi,Jaipur,696,train,2.09,airbnb,2314,2,1,550,2,winter,1770,9193
Mumbai,Kerala,1423,bus,3.43,hostel,422,6,5,713,4,off-peak,2301,31285
Kolkata,Udaipur,303,car,4.02,hotel,2020,7,6,496,3,monsoon,1063,26035
Kolkata,Manali,1386,car,4.25,airbnb,1798,7,6,686,4,winter,1934,43711
Kolkata,Manali,2126,flight,5.14,hotel,1894,6,5,739,4,peak,713,49774
Hyderabad,Manali,1793,train,1.71,airbnb,1153,3,2,753,2,summer,2003,14959
Chennai,Goa,296,bus,3.06,hostel,604,10,9,564,2,off-peak,697,19225
Hyderabad,Goa,1241,bus,2.62,hotel,1977,9,8,377,1,winter,653,26365
Bangalore,Goa,2120,bus,3.19,hostel,945,8,7,491,4,monsoon,1500,37353
Delhi,Shimla,1238,train,1.69,hotel,1858,6,5,244,3,off-peak,2516,20382
Kolkata,Manali,2184,car,3.35,hotel,1008,9,8,700,4,summer,1213,49110
Bangalore,Udaipur,1124,bus,1.84,hotel,1963,2,1,356,1,summer,1619,8430
Bangalore,Shimla,311,flight,6.72,hostel,840,9,8,537,2,winter,875,21441
Hyderabad,Kerala,598,flight,9.46,hotel,1846,7,6,748,1,winter,508,28134
Chennai,Manali,303,bus,2.97,hostel,556,9,8,426,1,summer,1346,11428
Delhi,Shimla,1808,train,0.56,hotel,2512,6,5,313,2,winter,1693,20034
Delhi,Udaipur,1585,train,1.33,hotel,2326,3,2,302,3,peak,1442,13028
Hyderabad,Goa,1565,bus,2.31,hostel,401,4,3,705,4,monsoon,1231,20944
Mumbai,Jaipur,2340,train,2.38,hostel,423,3,2,212,1,monsoon,1449,14069
Kolkata,Kerala,555,bus,1.8,hotel,2888,6,5,288,4,off-peak,2786,26136
Kolkata,Udaipur,212,flight,7.7,hotel,1243,5,4,340,2,peak,821,12458
Kolkata,Udaipur,573,car,4.7,hotel,1608,3,2,554,1,monsoon,2012,12276
Chennai,Kerala,924,flight,4.21,hostel,886,10,9,667,4,off-peak,2253,44687
Kolkata,Jaipur,2428,car,4.88,hotel,2436,10,9,752,4,summer,2844,78545
Delhi,Jaipur,2096,train,2.24,hostel,498,5,4,576,1,off-peak,1775,16037
Hyderabad,Manali,400,train,2.35,airbnb,2104,2,1,766,3,off-peak,1967,10547
Bangalore,Kerala,469,car,4.98,hostel,856,10,9,296,3,winter,759,22014
Kolkata,Udaipur,1271,bus,2.04,hotel,2444,2,1,688,3,summer,1207,12965
Hyderabad,Jaipur,580,car,3.85,airbnb,2340,6,5,543,2,winter,2014,24696
Kolkata,Manali,406,flight,9.28,hostel,506,10,9,396,1,summer,2710,18759
Delhi,Udaipur,1771,flight,6.26,airbnb,2224,10,9,640,3,off-peak,2613,64002
Delhi,Udaipur,1329,car,4.42,hotel,2262,5,4,666,2,off-peak,1787,29243
Bangalore,Jaipur,589,car,4.01,hotel,1563,8,7,488,4,winter,503,31784
Kolkata,Jaipur,709,bus,1.62,airbnb,1471,10,9,507,4,summer,2721,38537
Delhi,Udaipur,883,car,3.97,hotel,2559,4,3,431,2,peak,1587,19723
Bangalore,Goa,740,train,1.88,hostel,532,4,3,562,1,summer,2137,8763
Kolkata,Jaipur,736,bus,2.66,airbnb,1925,9,8,570,4,monsoon,1304,41140
Chennai,Goa,2177,train,0.91,hostel,654,7,6,466,4,winter,2849,23783
Bangalore,Jaipur,2448,train,1.33,hotel,2986,4,3,336,2,monsoon,2959,21117
Mumbai,Manali,898,flight,4.42,hotel,1836,8,7,601,4,monsoon,862,40884
Kolkata,Jaipur,922,flight,7.21,hostel,850,5,4,464,4,summer,2969,28944
Delhi,Goa,1440,flight,6.53,hostel,458,7,6,412,2,summer,513,27835
Delhi,Jaipur,1483,flight,4.6,hostel,951,7,6,391,3,winter,2814,30375
Chennai,Shimla,1592,flight,9.18,airbnb,1190,6,5,257,3,summer,2328,42133
Mumbai,Jaipur,1708,flight,9.0,hotel,2639,6,5,541,3,peak,1937,55614
Kolkata,Kerala,1971,bus,1.82,airbnb,1393,2,1,491,2,off-peak,1777,12308
Mumbai,Manali,877,train,2.39,hotel,1968,6,5,580,1,peak,1241,18753
Bangalore,Jaipur,150,car,3.74,hostel,848,8,7,710,4,monsoon,1724,31502
Bangalore,Kerala,1702,bus,3.28,hotel,1984,3,2,388,2,off-peak,2717,20178
Hyderabad,Manali,1526,bus,2.22,hotel,2351,10,9,489,3,peak,1807,44411
Delhi,Jaipur,915,bus,3.24,airbnb,1240,2,1,731,2,summer,1243,11336
Kolkata,Goa,332,flight,9.59,hotel,1271,5,4,325,1,summer,2502,15579
Delhi,Jaipur,413,train,1.61,hostel,573,8,7,245,3,off-peak,646,11867
Mumbai,Manali,1465,bus,1.62,hostel,909,8,7,744,3,off-peak,2901,31867
Bangalore,Shimla,645,bus,1.62,hostel,425,7,6,506,4,off-peak,544,19352
Bangalore,Jaipur,2122,flight,9.97,hotel,2113,7,6,392,1,monsoon,1768,59503
Mumbai,Udaipur,1822,flight,8.8,airbnb,1108,2,1,349,3,summer,2255,37524
Mumbai,Manali,110,car,4.3,airbnb,2162,9,8,203,4,monsoon,1889,27439
Kolkata,Udaipur,1043,car,4.23,airbnb,1066,9,8,606,2,peak,2223,30483
Hyderabad,Manali,2165,flight,8.17,hostel,661,9,8,499,4,monsoon,2990,61618
Chennai,Udaipur,2278,car,3.35,hostel,522,9,8,369,2,peak,2872,28953
Hyderabad,Shimla,1963,car,3.81,hostel,875,7,6,378,4,summer,1771,32563
Chennai,Kerala,1214,flight,6.54,hotel,1912,7,6,201,2,summer,979,31144
Chennai,Goa,1093,flight,4.38,hotel,1725,3,2,711,4,off-peak,1451,23008
Kolkata,Udaipur,1731,train,2.08,airbnb,1540,8,7,664,3,off-peak,1873,35790
Chennai,Goa,680,bus,1.96,hotel,2843,2,1,681,1,peak,740,7611
Hyderabad,Kerala,131,bus,1.6,hotel,2097,3,2,273,3,winter,1122,8192
Bangalore,Manali,940,flight,7.62,hotel,2256,7,6,424,4,summer,2910,42644
Mumbai,Udaipur,1480,train,2.39,hotel,1207,8,7,472,2,monsoon,2412,25487
Hyderabad,Kerala,1126,flight,5.58,airbnb,1399,5,4,752,2,peak,1766,27448
Bangalore,Goa,427,train,1.59,airbnb,865,4,3,374,3,off-peak,2154,10595
Hyderabad,Shimla,703,train,0.62,hostel,997,10,9,533,4,peak,856,32021
Hyderabad,Jaipur,1617,bus,1.52,hostel,686,2,1,390,3,summer,1213,9155
Kolkata,Kerala,259,car,4.58,airbnb,988,3,2,791,4,monsoon,2630,16470
Delhi,Manali,131,train,0.75,airbnb,834,8,7,475,1,monsoon,1837,11672
Delhi,Goa,1132,flight,7.84,airbnb,1055,10,9,430,1,winter,2876,34421
Chennai,Goa,441,flight,5.6,hotel,1189,8,7,532,4,peak,2597,32883
Chennai,Jaipur,226,bus,3.07,hotel,2912,6,5,331,4,peak,2267,26159
Chennai,Kerala,2043,flight,8.95,hotel,2071,10,9,206,3,peak,2064,63453
Hyderabad,Manali,415,car,3.51,hotel,2402,5,4,659,3,off-peak,2716,25122
Delhi,Kerala,1900,train,2.07,hostel,546,2,1,374,1,peak,1250,10410
Mumbai,Kerala,1981,train,1.52,airbnb,908,10,9,229,1,monsoon,625,17109
Bangalore,Manali,226,bus,2.2,hotel,2460,9,8,319,1,off-peak,1084,24629
Mumbai,Kerala,382,train,1.71,hotel,1729,5,4,594,3,monsoon,856,17988
Hyderabad,Shimla,2294,bus,3.34,hostel,504,3,2,472,1,off-peak,1463,19211
Mumbai,Udaipur,901,car,3.06,hostel,737,2,1,631,3,off-peak,1563,11600
Delhi,Udaipur,1024,flight,4.6,hostel,519,5,4,227,3,summer,960,15862
Kolkata,Manali,405,car,3.57,airbnb,2005,10,9,223,4,winter,1512,31369
Bangalore,Shimla,1033,bus,2.04,airbnb,1830,3,2,337,4,peak,1794,13713
Chennai,Goa,432,flight,7.56,hostel,869,8,7,624,4,off-peak,504,33087
Kolkata,Goa,767,bus,1.97,hostel,651,10,9,769,2,summer,629,24890
Mumbai,Jaipur,836,car,4.82,hostel,577,9,8,699,2,peak,1555,26812
Chennai,Udaipur,1704,flight,7.91,hotel,1574,9,8,762,2,winter,2571,55836
Kolkata,Udaipur,1537,flight,8.07,airbnb,2446,9,8,425,1,monsoon,2929,51129
Kolkata,Manali,1774,train,0.8,hotel,2192,8,7,452,2,peak,910,26324
Bangalore,Goa,1482,flight,7.71,airbnb,985,5,4,704,3,peak,1885,39237
Chennai,Kerala,1398,car,3.25,airbnb,983,2,1,284,1,off-peak,2129,12767
Kolkata,Udaipur,2075,car,3.21,airbnb,1618,8,7,207,4,winter,1559,32830
Bangalore,Jaipur,1696,flight,7.88,hostel,787,5,4,495,3,summer,1030,38332
Kolkata,Goa,705,bus,2.3,hotel,1443,7,6,715,3,winter,1754,28670
Chennai,Manali,1293,flight,5.68,hostel,994,10,9,497,1,off-peak,1649,30253
Hyderabad,Kerala,381,flight,5.27,hostel,488,8,7,248,4,monsoon,1618,16986
Kolkata,Goa,1543,flight,4.15,hostel,973,5,4,544,2,peak,2411,24550
Kolkata,Goa,754,flight,5.28,hostel,910,9,8,491,4,summer,1305,34223
Delhi,Jaipur,2312,train,0.52,hostel,739,5,4,597,4,summer,898,18198
Delhi,Shimla,1665,bus,1.88,hotel,1798,7,6,716,2,peak,1723,28795
Hyderabad,Kerala,342,bus,2.84,airbnb,925,9,8,702,1,off-peak,897,16558
Bangalore,Shimla,220,flight,5.37,airbnb,1383,9,8,728,2,monsoon,1701,28232
Hyderabad,Manali,419,bus,3.15,airbnb,2365,4,3,561,2,monsoon,1831,16054
Mumbai,Shimla,993,bus,2.92,hotel,2908,7,6,365,1,monsoon,2344,28146
Chennai,Udaipur,2439,car,4.12,hostel,467,7,6,437,3,winter,1481,33557
Bangalore,Shimla,411,car,3.62,hotel,2901,8,7,660,3,off-peak,2670,41793
Mumbai,Kerala,1879,bus,2.21,airbnb,1397,5,4,368,1,summer,2163,17896
Delhi,Manali,737,flight,7.56,hostel,984,4,3,347,4,winter,2611,22258
Hyderabad,Kerala,2399,flight,4.71,hotel,2716,5,4,397,4,peak,588,41991
Kolkata,Jaipur,583,flight,5.55,airbnb,2194,10,9,352,4,peak,710,41007
Chennai,Shimla,1252,car,3.62,airbnb,1171,5,4,217,2,monsoon,1227,17145
Mumbai,Goa,655,train,1.59,airbnb,1136,5,4,330,4,winter,1058,14285
Delhi,Udaipur,1927,bus,2.93,hotel,1000,7,6,461,2,off-peak,1414,25160
Kolkata,Goa,1870,flight,5.99,hotel,1406,5,4,438,1,off-peak,1367,31584
Chennai,Shimla,2179,train,2.23,airbnb,1398,10,9,547,4,off-peak,666,44846
Bangalore,Udaipur,2244,flight,9.15,hotel,1920,5,4,711,3,summer,2647,62057
Chennai,Udaipur,1994,train,1.31,hostel,569,2,1,531,3,off-peak,1160,10139
Chennai,Kerala,321,flight,9.0,hostel,560,7,6,718,4,off-peak,2649,31891
Hyderabad,Manali,163,car,3.2,hostel,863,8,7,764,2,winter,696,20004
Mumbai,Jaipur,2111,bus,3.26,hostel,419,9,8,732,4,off-peak,1597,45065
Chennai,Jaipur,404,car,4.84,hostel,632,5,4,389,2,monsoon,2044,12373
Mumbai,Kerala,810,train,2.05,hostel,591,8,7,349,3,off-peak,1821,17655
Delhi,Manali,865,flight,8.68,hotel,1911,4,3,795,3,summer,1901,32190
Mumbai,Kerala,919,flight,9.01,airbnb,2082,10,9,668,2,winter,950,49608
Kolkata,Jaipur,1996,flight,7.5,airbnb,2237,8,7,378,2,winter,1400,53047
Kolkata,Goa,2354,flight,5.34,hotel,1016,5,4,492,4,off-peak,1673,40718
Chennai,Manali,1216,flight,6.1,hotel,2840,10,9,230,1,winter,641,43336
Mumbai,Manali,1322,car,3.52,hostel,553,6,5,644,2,winter,2547,22347
Delhi,Manali,289,flight,9.0,airbnb,1616,2,1,620,2,monsoon,1183,10481
Bangalore,Kerala,1200,train,1.12,hotel,2212,10,9,674,2,peak,2378,38454
Chennai,Shimla,1720,train,0.56,hotel,2791,2,1,345,2,monsoon,1357,7454
Mumbai,Manali,1891,bus,2.57,hotel,1542,6,5,694,4,off-peak,1975,36061
Mumbai,Shimla,614,train,0.86,hotel,1307,5,4,718,4,peak,2804,23448
Delhi,Manali,532,train,1.1,airbnb,2080,10,9,672,2,winter,1591,34921
Mumbai,Kerala,1838,train,1.12,hotel,1919,10,9,520,4,off-peak,1870,44058
Kolkata,Goa,1320,car,3.49,hotel,1361,5,4,711,1,winter,600,18813
Hyderabad,Goa,1696,flight,6.61,airbnb,2070,4,3,687,2,summer,2859,36986
Chennai,Jaipur,925,flight,8.44,airbnb,1984,3,2,774,1,monsoon,693,22597
Chennai,Goa,1264,bus,2.33,airbnb,1837,5,4,293,2,summer,1141,17309
Delhi,Kerala,135,flight,6.56,hostel,724,6,5,584,4,peak,1233,20640
Chennai,Goa,2276,car,3.42,hostel,625,10,9,308,4,summer,2658,36171
Hyderabad,Jaipur,1899,bus,2.5,hostel,457,7,6,218,3,peak,588,17403
Chennai,Udaipur,1518,bus,2.24,hotel,1884,6,5,624,4,off-peak,2068,33265
Kolkata,Shimla,1411,bus,2.55,airbnb,2191,8,7,678,2,summer,2698,36079
Kolkata,Udaipur,806,flight,6.81,airbnb,1192,2,1,800,3,peak,2600,19570
Bangalore,Jaipur,2327,flight,6.06,hotel,2948,7,6,708,2,monsoon,2860,58663
Chennai,Kerala,2204,train,1.8,hotel,2269,4,3,237,4,summer,2172,20705
Delhi,Goa,1442,bus,2.45,hotel,1621,9,8,619,3,peak,2660,39407
Delhi,Goa,280,train,2.3,airbnb,1600,3,2,212,1,peak,2471,7595
Kolkata,Goa,796,train,1.98,hostel,846,3,2,281,4,peak,2938,11154
Mumbai,Shimla,2338,bus,3.45,hotel,2860,3,2,469,2,summer,2380,27046
Mumbai,Manali,2042,bus,1.71,airbnb,1314,5,4,532,4,winter,977,23857
Chennai,Jaipur,1959,car,3.96,hotel,1155,2,1,401,3,off-peak,2162,21238
Hyderabad,Jaipur,1416,car,3.91,airbnb,953,6,5,733,2,summer,907,25541
Delhi,Manali,2285,train,1.19,hostel,847,4,3,563,3,off-peak,2175,16910
Bangalore,Udaipur,2440,car,3.63,airbnb,1618,8,7,486,4,off-peak,2758,47350
Bangalore,Shimla,1893,car,3.83,hostel,712,10,9,590,4,summer,1993,46501
Chennai,Udaipur,1701,car,4.54,airbnb,1802,5,4,575,3,peak,2132,33410
Chennai,Shimla,919,bus,2.91,airbnb,1515,10,9,688,4,off-peak,2047,48551
Kolkata,Manali,212,train,2.29,hotel,2887,8,7,244,3,summer,2867,29903
Hyderabad,Kerala,2415,train,2.12,hostel,884,9,8,369,1,off-peak,1096,21729
Chennai,Jaipur,663,flight,6.78,hotel,2418,6,5,287,1,peak,2738,25540
Kolkata,Shimla,157,bus,2.43,airbnb,924,3,2,470,3,off-peak,2357,9198
Bangalore,Kerala,182,flight,7.59,hostel,856,10,9,514,4,monsoon,2614,33641
Hyderabad,Manali,889,bus,1.58,airbnb,2357,3,2,600,2,summer,2596,13719
Bangalore,Jaipur,1177,car,3.88,airbnb,1628,2,1,754,3,peak,1482,16768
Delhi,Goa,728,bus,1.77,airbnb,2285,5,4,750,2,off-peak,1526,20743
Chennai,Shimla,2101,flight,4.77,hotel,2321,7,6,406,4,winter,1966,47304
Mumbai,Jaipur,659,train,0.84,airbnb,1736,2,1,396,2,peak,1968,6395
Mumbai,Shimla,2299,train,1.52,airbnb,1175,6,5,274,2,peak,2879,19031
Kolkata,Udaipur,2499,train,1.65,hostel,403,8,7,605,3,winter,1256,26844
Hyderabad,Manali,1649,train,1.25,hostel,545,2,1,714,4,off-peak,2007,12386
Mumbai,Goa,2229,train,1.56,hotel,1373,2,1,422,2,winter,1318,11333
Delhi,Jaipur,1442,bus,2.75,hotel,1439,5,4,377,1,peak,1596,17168
Delhi,Manali,1620,car,3.48,airbnb,2377,10,9,707,3,winter,1142,55020
Bangalore,Shimla,393,bus,1.63,airbnb,1915,8,7,213,4,winter,2001,23503
Mumbai,Goa,1732,car,4.19,hotel,2085,10,9,797,4,monsoon,1464,66623
Hyderabad,Jaipur,299,flight,8.34,hotel,2149,2,1,309,1,summer,2821,10575
Kolkata,Goa,2019,car,3.07,hostel,681,7,6,503,4,peak,969,31536
Hyderabad,Manali,2410,bus,1.94,airbnb,1556,10,9,424,1,summer,1418,29013
Kolkata,Manali,1161,bus,1.73,hostel,995,6,5,234,2,peak,1956,13756
Hyderabad,Jaipur,1027,flight,9.4,hotel,1469,3,2,681,2,peak,2996,29328
Kolkata,Jaipur,708,flight,7.85,hostel,548,10,9,397,2,winter,856,24844
Bangalore,Shimla,2108,bus,2.79,hostel,644,8,7,773,3,off-peak,2802,37625
Mumbai,Kerala,621,car,4.29,hostel,478,2,1,422,2,peak,1393,8887
Chennai,Jaipur,2040,car,4.07,hostel,507,7,6,747,2,winter,1205,31311
Kolkata,Kerala,1098,flight,6.59,airbnb,2154,4,3,713,1,monsoon,941,24727
Kolkata,Goa,1928,train,1.0,hostel,827,5,4,710,2,peak,2288,16552
Bangalore,Goa,1193,flight,7.96,hotel,2784,3,2,430,3,summer,2895,31326
Delhi,Kerala,2079,bus,3.17,hostel,610,5,4,772,2,summer,650,23991
Kolkata,Shimla,190,bus,2.49,hotel,1000,6,5,405,2,peak,692,11498
Chennai,Manali,1961,flight,5.14,hotel,1201,9,8,609,3,summer,2436,48646
Bangalore,Jaipur,1763,train,2.01,hostel,649,9,8,609,2,winter,915,24156
Mumbai,Shimla,1456,flight,9.03,airbnb,2096,5,4,309,1,monsoon,648,36872
Kolkata,Jaipur,1383,train,2.07,airbnb,2153,3,2,554,1,summer,1012,12706
Kolkata,Kerala,543,car,3.13,hotel,2785,8,7,369,1,winter,741,26587
Delhi,Shimla,939,flight,9.88,airbnb,2454,7,6,449,1,winter,2936,39358
Bangalore,Jaipur,905,car,3.18,airbnb,1787,10,9,320,4,winter,1397,36036
Delhi,Kerala,816,bus,3.33,hostel,545,7,6,615,1,monsoon,2587,15597
Hyderabad,Jaipur,2104,flight,4.47,hotel,2646,6,5,479,4,summer,1225,44761
Bangalore,Udaipur,682,car,4.62,hotel,1039,7,6,554,3,off-peak,2937,27107
Kolkata,Udaipur,1685,train,2.16,hostel,782,6,5,205,2,summer,959,14608
Hyderabad,Manali,2479,car,3.68,hotel,2068,3,2,569,1,summer,1506,25594
Bangalore,Jaipur,506,flight,6.23,airbnb,1560,8,7,599,1,peak,1352,23369
Delhi,Udaipur,1105,flight,7.88,hostel,839,10,9,623,2,summer,907,38333
Mumbai,Shimla,813,bus,2.01,hostel,422,10,9,507,3,summer,567,22843
Mumbai,Goa,507,bus,1.56,hotel,1401,9,8,234,2,summer,2136,19138
Mumbai,Manali,1015,car,3.26,hostel,502,9,8,408,4,peak,1036,26358
Delhi,Jaipur,1908,bus,2.98,hostel,985,8,7,256,2,peak,1501,23864
Delhi,Kerala,274,train,2.36,hostel,575,9,8,396,3,summer,2406,18991
Delhi,Manali,369,flight,8.08,hostel,958,3,2,738,1,off-peak,815,10908
Delhi,Shimla,2407,bus,2.41,hotel,1518,4,3,390,4,monsoon,1165,23561
Hyderabad,Jaipur,558,bus,2.84,hotel,1296,7,6,348,3,summer,2225,20478
Delhi,Goa,207,flight,6.21,hostel,737,4,3,364,3,monsoon,1236,10386
Kolkata,Goa,423,car,3.85,hostel,999,7,6,248,2,peak,997,13720
Bangalore,Manali,1730,flight,6.05,hotel,1986,6,5,511,3,peak,1665,41726
Mumbai,Goa,2314,train,0.67,hotel,1568,6,5,555,1,summer,2268,16539
Kolkata,Jaipur,721,train,0.84,airbnb,1207,9,8,382,3,off-peak,773,21954
Hyderabad,Manali,2472,train,1.75,hostel,554,9,8,685,4,peak,2776,40520
Delhi,Jaipur,741,car,4.64,hotel,1500,8,7,288,4,winter,2018,28610
Bangalore,Kerala,915,train,1.35,hostel,415,8,7,677,2,off-peak,2079,18286
Chennai,Udaipur,121,car,4.5,airbnb,1712,2,1,209,1,off-peak,2562,5781
Mumbai,Manali,950,train,1.83,hostel,967,6,5,221,3,monsoon,939,13229
Bangalore,Goa,1488,car,4.69,airbnb,2168,2,1,306,4,winter,2699,21272
Chennai,Jaipur,1777,train,1.77,hotel,2996,5,4,684,3,monsoon,969,29504
Chennai,Shimla,1869,train,0.98,hotel,1006,4,3,435,1,off-peak,2860,11281
Delhi,Shimla,1133,flight,8.23,airbnb,2267,5,4,725,2,summer,1793,36760
Chennai,Manali,2440,flight,6.79,airbnb,1892,4,3,208,2,summer,846,41321
Delhi,Shimla,2442,bus,1.81,hostel,544,10,9,716,2,summer,1781,29837
Kolkata,Udaipur,1072,car,4.83,hostel,815,8,7,419,4,winter,2215,31684
Kolkata,Manali,1651,car,4.54,hotel,2791,10,9,678,4,monsoon,1784,69014
Kolkata,Jaipur,2082,car,4.05,airbnb,922,6,5,374,3,monsoon,644,28850
Chennai,Manali,2071,flight,4.34,airbnb,1795,10,9,304,3,winter,2558,45809
Hyderabad,Goa,117,flight,8.82,airbnb,1375,2,1,238,4,summer,2256,7599
Hyderabad,Udaipur,2034,flight,7.41,hotel,2531,5,4,554,2,peak,1766,47574
Hyderabad,Shimla,665,flight,9.88,airbnb,1670,5,4,409,3,peak,2629,28584
Hyderabad,Udaipur,1124,car,4.04,airbnb,2260,10,9,778,2,off-peak,1201,46183
Hyderabad,Jaipur,821,bus,1.86,hostel,465,10,9,324,4,monsoon,2320,22519
Kolkata,Manali,1050,bus,1.71,airbnb,2410,3,2,337,2,peak,2768,13201
Bangalore,Goa,2293,train,1.99,airbnb,1937,7,6,372,3,peak,1965,30525
Chennai,Manali,1772,car,3.3,hotel,1090,5,4,484,2,winter,2095,22990
Kolkata,Manali,2426,car,3.4,hostel,957,3,2,251,4,monsoon,1959,23382
Delhi,Manali,2274,flight,7.84,hotel,1227,7,6,781,2,summer,552,54504
Kolkata,Shimla,528,flight,8.4,airbnb,1781,2,1,607,3,peak,2691,16984
Chennai,Shimla,2263,flight,6.62,airbnb,1380,2,1,493,1,summer,2429,34757
Bangalore,Goa,399,flight,7.97,hotel,2008,9,8,445,1,winter,730,27159
Mumbai,Goa,658,car,3.75,hostel,989,2,1,587,4,winter,2208,12828
Delhi,Udaipur,789,car,4.6,airbnb,2095,10,9,222,3,summer,1458,34232
Hyderabad,Jaipur,556,flight,9.34,airbnb,1364,10,9,602,4,peak,2990,49732
Bangalore,Goa,355,car,4.24,hostel,491,3,2,384,4,off-peak,2020,10620
Kolkata,Kerala,357,train,1.76,airbnb,2145,10,9,307,1,winter,656,24288
Mumbai,Goa,230,train,1.57,airbnb,2150,10,9,347,2,summer,1307,28319
Bangalore,Udaipur,1576,flight,8.19,hotel,2343,4,3,781,4,winter,1763,47103
Hyderabad,Goa,807,train,2.23,hotel,2958,6,5,545,1,winter,2904,24563
Bangalore,Kerala,556,car,4.66,hostel,483,10,9,297,1,peak,2745,15244
Kolkata,Manali,1313,car,4.96,hostel,688,6,5,645,2,winter,1085,25290
Delhi,Jaipur,273,car,4.39,airbnb,1323,2,1,725,2,summer,2119,8739
Bangalore,Udaipur,1759,bus,1.59,airbnb,830,8,7,761,2,winter,1208,24788
Kolkata,Goa,264,flight,7.89,hostel,437,10,9,706,1,peak,1027,16186
Mumbai,Kerala,1002,train,2.27,hotel,2353,4,3,769,2,peak,2594,20354
Bangalore,Udaipur,1218,flight,6.08,airbnb,1173,7,6,354,1,monsoon,2058,26385
Bangalore,Goa,784,bus,1.8,hotel,1875,10,9,369,3,winter,1927,32694
Chennai,Jaipur,1407,flight,5.39,airbnb,1723,8,7,321,1,monsoon,2817,32613
Delhi,Udaipur,819,flight,7.28,airbnb,2396,9,8,659,4,winter,2452,57269
Hyderabad,Manali,583,flight,4.8,hostel,474,7,6,472,1,winter,1519,13264
Mumbai,Goa,2366,train,0.7,hostel,533,2,1,749,1,winter,2893,8236
Delhi,Jaipur,834,train,0.54,airbnb,2192,6,5,766,1,summer,2956,19413
Hyderabad,Manali,162,train,0.75,hotel,1667,3,2,399,4,off-peak,1777,10142
Chennai,Kerala,1160,bus,2.29,hotel,1510,9,8,674,1,peak,1255,24714
Hyderabad,Goa,962,train,2.17,hostel,823,3,2,764,2,summer,1435,11840
Bangalore,Udaipur,2029,bus,2.96,hostel,934,7,6,401,2,off-peak,2943,26173
Hyderabad,Manali,1655,car,4.22,airbnb,1305,8,7,309,2,peak,1025,29072
Bangalore,Udaipur,1946,flight,9.58,airbnb,1302,9,8,493,1,off-peak,2455,54593
Hyderabad,Goa,1055,bus,1.53,airbnb,1115,5,4,764,4,monsoon,512,23480
Bangalore,Manali,1455,bus,3.05,hotel,2391,10,9,619,1,off-peak,2868,39452
Kolkata,Kerala,742,train,1.39,airbnb,2302,4,3,773,4,off-peak,1065,22402
Kolkata,Jaipur,110,car,3.03,airbnb,1612,3,2,539,3,off-peak,988,9730
Chennai,Kerala,822,bus,2.68,airbnb,1215,7,6,393,2,summer,2886,20084
Mumbai,Kerala,1970,bus,2.85,airbnb,1161,6,5,402,4,monsoon,2078,28760
Delhi,Goa,1904,car,4.16,airbnb,2388,3,2,367,4,off-peak,1864,26885
Kolkata,Udaipur,1326,car,3.98,hostel,843,3,2,329,1,peak,1379,14607
Kolkata,Goa,1497,flight,7.83,hotel,1565,9,8,465,4,summer,1143,53846
Hyderabad,Jaipur,2233,bus,2.0,airbnb,2468,7,6,276,3,winter,2447,31983
Bangalore,Kerala,1244,train,1.7,hotel,2372,5,4,396,3,monsoon,796,20454
Bangalore,Kerala,1858,flight,6.65,hostel,594,3,2,228,4,winter,2664,31299
Chennai,Shimla,770,flight,4.35,hostel,755,7,6,758,1,peak,1784,18319
Chennai,Shimla,717,car,4.42,hotel,2274,7,6,365,1,off-peak,2928,25465
Mumbai,Kerala,1630,car,3.95,airbnb,2010,4,3,296,4,off-peak,2812,26455
Chennai,Udaipur,1996,bus,3.07,hotel,1319,10,9,369,4,winter,2989,41875
Hyderabad,Jaipur,1649,flight,8.42,hotel,2321,8,7,262,1,winter,1089,47201
Hyderabad,Kerala,986,car,4.08,hostel,598,8,7,624,4,off-peak,986,33186
Kolkata,Shimla,553,bus,3.33,airbnb,2484,9,8,731,2,peak,2646,39359
Delhi,Udaipur,806,bus,2.43,airbnb,1341,4,3,779,1,off-peak,1068,12124
Kolkata,Goa,1157,flight,7.75,airbnb,1571,5,4,661,1,summer,644,28166
Chennai,Shimla,2019,train,2.05,airbnb,1320,9,8,566,4,winter,1233,40447
Kolkata,Shimla,408,car,3.41,hotel,2645,10,9,301,1,off-peak,2893,32491
Chennai,Jaipur,589,bus,3.32,airbnb,818,6,5,381,1,monsoon,1205,11492
Chennai,Jaipur,429,train,2.17,airbnb,2420,5,4,591,4,summer,631,23993
Delhi,Jaipur,2282,train,0.59,hotel,1374,5,4,449,4,peak,1166,18335
Kolkata,Manali,223,car,3.93,airbnb,1924,2,1,551,4,monsoon,1349,9434
Delhi,Shimla,746,car,3.12,hotel,2064,9,8,430,1,monsoon,1509,26546
Hyderabad,Shimla,373,train,2.38,hotel,2203,4,3,416,4,winter,2912,17952
Mumbai,Goa,871,flight,6.09,hotel,1539,6,5,420,1,summer,2120,22944
Chennai,Kerala,676,bus,2.71,airbnb,1532,9,8,278,1,summer,1391,19813
Chennai,Kerala,679,car,4.45,hotel,2661,10,9,584,4,peak,2417,55769
Mumbai,Shimla,307,bus,3.16,airbnb,1064,3,2,364,3,off-peak,1146,8490
Kolkata,Manali,2363,train,1.26,hostel,811,6,5,206,2,winter,2867,15349
Bangalore,Udaipur,2128,car,3.15,airbnb,1688,8,7,572,4,off-peak,1879,45405
Delhi,Udaipur,2187,car,4.36,hotel,2526,5,4,372,2,monsoon,1553,34448
Mumbai,Manali,1401,bus,2.94,hotel,1027,4,3,287,4,peak,1322,17233
Bangalore,Kerala,1821,train,2.23,hostel,631,6,5,752,3,winter,713,25526
Mumbai,Manali,941,flight,9.43,hotel,2087,3,2,666,3,summer,1032,28947
Bangalore,Goa,1717,car,3.57,airbnb,1140,7,6,660,2,peak,2022,30361
Kolkata,Manali,1837,train,1.7,airbnb,2173,5,4,495,3,off-peak,2014,24377
Chennai,Goa,1683,flight,7.61,hotel,2146,6,5,212,3,summer,2976,43137
Chennai,Goa,1829,train,1.81,hotel,2123,10,9,269,3,off-peak,2994,36792
Bangalore,Kerala,511,car,4.42,hotel,2195,5,4,275,4,summer,898,19695
Mumbai,Kerala,1088,car,3.32,hotel,1494,2,1,324,3,peak,1510,12172
Kolkata,Jaipur,1313,train,2.19,airbnb,1625,5,4,206,4,peak,1599,17970
Mumbai,Goa,2233,car,3.2,airbnb,2460,7,6,576,1,summer,2078,35161
Hyderabad,Jaipur,1229,bus,2.02,hotel,1909,2,1,467,2,summer,2534,11276
Mumbai,Goa,363,flight,8.96,hostel,669,4,3,737,3,summer,2022,19378
Hyderabad,Jaipur,856,train,1.57,hostel,587,7,6,407,4,summer,1958,19564
Chennai,Shimla,1137,bus,2.26,hostel,853,6,5,783,2,monsoon,1084,19884
Chennai,Kerala,2075,flight,8.15,hotel,1921,10,9,260,1,peak,2393,56104
Hyderabad,Goa,2342,flight,7.14,hotel,1002,2,1,314,2,winter,1570,37272
Bangalore,Kerala,1819,train,1.57,hotel,2991,8,7,506,1,winter,1809,32506
Kolkata,Goa,1286,train,0.83,hotel,2043,8,7,383,2,monsoon,1118,23682
Hyderabad,Manali,2031,flight,4.84,hotel,2754,2,1,445,2,monsoon,758,24952
Hyderabad,Udaipur,609,bus,1.88,hotel,1921,9,8,798,3,summer,2375,41579
Kolkata,Shimla,939,bus,1.54,hostel,610,3,2,201,4,monsoon,2738,9262
Hyderabad,Udaipur,265,bus,2.75,airbnb,1639,6,5,339,1,off-peak,1610,13296
Kolkata,Kerala,1656,car,3.47,airbnb,1032,4,3,561,4,monsoon,926,24491
Kolkata,Manali,597,flight,7.66,hostel,593,4,3,213,2,off-peak,1263,13892
Bangalore,Jaipur,559,bus,2.39,airbnb,1695,5,4,439,1,off-peak,890,12537
Mumbai,Kerala,2272,bus,2.71,hostel,418,6,5,234,3,summer,1484,20100
Hyderabad,Manali,1969,train,1.55,hotel,1105,4,3,377,4,peak,1869,17320
Kolkata,Goa,658,train,2.46,hostel,737,10,9,609,4,summer,2088,36318
Delhi,Udaipur,2243,car,3.47,hostel,920,2,1,632,3,monsoon,556,20834
Chennai,Manali,796,car,4.73,airbnb,1599,2,1,601,2,summer,2360,13893
Bangalore,Shimla,2397,train,1.15,airbnb,1253,4,3,770,3,winter,1191,19703
Hyderabad,Manali,2431,car,3.93,airbnb,1951,5,4,544,4,winter,571,38363
Delhi,Shimla,1870,flight,6.57,airbnb,1471,3,2,434,4,off-peak,1584,34306
Chennai,Udaipur,1041,bus,3.46,hotel,1013,10,9,252,1,off-peak,891,19732
Delhi,Manali,1683,flight,5.71,hotel,2718,5,4,378,1,monsoon,2334,34316
Kolkata,Udaipur,1975,train,0.54,hotel,1565,10,9,648,3,off-peak,958,36616
Kolkata,Goa,1501,bus,2.72,hostel,597,5,4,770,1,off-peak,629,15032
Bangalore,Jaipur,1552,car,3.2,airbnb,2065,3,2,760,4,winter,603,23786
Bangalore,Udaipur,782,train,1.56,hostel,847,4,3,784,1,summer,2141,10258
Chennai,Udaipur,1509,flight,5.87,hotel,1769,6,5,436,2,peak,1644,33437
Mumbai,Udaipur,1062,train,0.89,hotel,1416,3,2,506,4,peak,1849,12643
Kolkata,Kerala,995,train,1.57,airbnb,1142,6,5,257,1,monsoon,877,11253
Kolkata,Jaipur,1534,car,4.1,hostel,953,6,5,564,1,summer,2101,22829
Chennai,Udaipur,1741,car,3.09,airbnb,2131,9,8,346,1,monsoon,2198,33119
Kolkata,Goa,141,car,4.07,hostel,830,9,8,666,2,monsoon,1087,20863
Mumbai,Jaipur,789,flight,6.29,hostel,902,5,4,507,2,peak,1875,20479
Kolkata,Udaipur,267,bus,2.69,airbnb,1189,7,6,547,2,monsoon,1551,17779
Delhi,Goa,1753,flight,6.66,airbnb,1406,7,6,225,4,peak,2343,40429
Mumbai,Udaipur,866,car,4.41,hotel,1242,7,6,429,4,peak,1984,29086
Delhi,Kerala,124,flight,7.24,hotel,2349,8,7,245,2,monsoon,2926,25085
Chennai,Shimla,1284,train,0.92,airbnb,816,8,7,511,4,winter,1761,26188
Kolkata,Goa,2321,bus,3.18,hostel,499,9,8,614,1,off-peak,2178,26458
Bangalore,Shimla,209,train,1.01,airbnb,1079,8,7,500,2,monsoon,1999,17974
Kolkata,Kerala,2454,bus,3.09,hotel,2124,9,8,241,3,peak,2296,40961
Kolkata,Shimla,325,flight,8.61,hotel,2036,3,2,247,2,summer,829,11980
Delhi,Kerala,1937,flight,9.08,airbnb,1257,2,1,633,4,winter,2869,44366
Mumbai,Jaipur,1915,flight,8.85,hostel,779,6,5,434,4,off-peak,1963,50170
Mumbai,Goa,132,train,1.55,hostel,902,9,8,407,4,winter,2761,25038
Hyderabad,Kerala,369,bus,3.01,hostel,678,7,6,431,4,winter,610,18967
Chennai,Kerala,815,flight,8.91,airbnb,1495,2,1,230,4,peak,825,18683
Kolkata,Kerala,2196,flight,5.15,airbnb,1829,4,3,290,4,peak,2429,35175
Chennai,Udaipur,2384,car,3.78,airbnb,2236,3,2,214,4,peak,2350,27413
Mumbai,Udaipur,1272,car,3.97,hotel,2606,5,4,545,2,off-peak,2689,28663
Delhi,Kerala,2088,flight,5.31,airbnb,1842,5,4,779,1,monsoon,2038,35476
Chennai,Manali,1268,train,2.21,airbnb,1633,3,2,507,4,peak,1744,16699
Chennai,Goa,2058,bus,2.23,airbnb,937,7,6,267,2,peak,787,19326
Mumbai,Udaipur,2234,flight,8.46,airbnb,1740,4,3,589,3,off-peak,2298,52385
Hyderabad,Kerala,2004,bus,2.8,hotel,1572,2,1,542,1,summer,1553,15431
Kolkata,Jaipur,505,train,0.95,hostel,519,2,1,699,2,winter,2621,6896
Kolkata,Manali,2400,train,2.1,hostel,470,3,2,231,3,monsoon,1920,15019
Kolkata,Kerala,1466,flight,7.9,hotel,2731,9,8,307,3,winter,2170,55470
Mumbai,Udaipur,1794,bus,1.87,airbnb,1008,8,7,612,2,summer,2430,25988
Hyderabad,Shimla,1762,car,3.84,hotel,1549,3,2,437,2,monsoon,608,19860
Mumbai,Shimla,2401,car,4.72,hostel,736,8,7,629,2,peak,2587,40468
Mumbai,Manali,488,train,1.84,airbnb,2397,4,3,387,2,summer,855,12938
Bangalore,Goa,2133,car,4.09,hostel,860,6,5,439,3,summer,1945,31595
Kolkata,Kerala,320,bus,1.77,hotel,2801,7,6,453,1,winter,1455,22565
Hyderabad,Jaipur,1003,car,3.05,airbnb,1553,10,9,541,1,off-peak,1006,26511
Delhi,Jaipur,2367,car,4.72,airbnb,903,5,4,738,4,off-peak,1472,42188
Bangalore,Udaipur,1037,bus,2.65,airbnb,1025,3,2,292,2,winter,2343,11641
Delhi,Udaipur,630,flight,7.46,airbnb,830,8,7,672,3,peak,1689,33027
Mumbai,Udaipur,169,flight,6.3,hotel,2419,2,1,374,2,monsoon,1317,7361
Mumbai,Jaipur,892,bus,2.6,hostel,901,4,3,608,2,monsoon,1036,13241
Mumbai,Goa,2119,car,4.47,hostel,536,6,5,497,2,winter,1118,28706
Delhi,Shimla,758,car,3.99,hotel,1396,8,7,503,3,peak,2426,30319
Hyderabad,Jaipur,1818,car,4.2,airbnb,2371,6,5,475,4,summer,1278,39804
Chennai,Jaipur,2101,train,0.69,hostel,770,4,3,369,3,summer,2513,12150
Kolkata,Manali,1132,bus,2.41,airbnb,1838,4,3,608,1,winter,1827,15229
Bangalore,Kerala,1368,car,3.92,hostel,701,10,9,390,3,monsoon,1211,29945
Bangalore,Jaipur,2316,flight,6.83,hotel,2362,3,2,440,1,off-peak,1395,39076
Bangalore,Udaipur,1099,train,2.43,hostel,464,9,8,727,1,peak,603,16199
Delhi,Shimla,245,bus,3.17,airbnb,2094,4,3,362,1,winter,2343,11626
Chennai,Jaipur,745,flight,5.14,hotel,2121,9,8,270,3,off-peak,2788,34705
Mumbai,Udaipur,652,car,4.95,airbnb,1514,7,6,287,3,monsoon,2609,24175
Bangalore,Jaipur,1000,bus,2.27,hostel,411,8,7,579,3,off-peak,2769,24082
Mumbai,Manali,1345,car,3.41,airbnb,2030,7,6,478,4,monsoon,904,35641
Hyderabad,Goa,498,car,4.06,airbnb,1272,2,1,540,2,peak,2127,9603
Delhi,Goa,149,bus,2.37,airbnb,1028,10,9,223,2,monsoon,2855,17273
Bangalore,Shimla,317,car,4.14,hotel,2758,2,1,634,4,peak,1631,12086
Bangalore,Shimla,1551,car,3.97,airbnb,1182,10,9,559,4,winter,2854,48167
Bangalore,Goa,1705,bus,3.23,hotel,1946,3,2,624,1,peak,1371,18149
Bangalore,Udaipur,472,flight,4.94,hostel,661,4,3,203,3,off-peak,2522,11604
Chennai,Udaipur,1090,car,3.2,airbnb,2366,9,8,789,4,summer,2585,56893
Chennai,Manali,1496,flight,6.68,airbnb,2082,7,6,538,4,off-peak,1979,49522
Delhi,Manali,1041,car,3.35,airbnb,1308,10,9,259,2,summer,1106,25033
Hyderabad,Udaipur,1219,car,4.96,airbnb,2326,10,9,256,3,monsoon,2902,43608
Mumbai,Manali,1477,car,3.16,airbnb,811,9,8,594,1,off-peak,925,22094
Bangalore,Shimla,1797,car,3.66,hostel,673,2,1,754,3,peak,2015,20366
Hyderabad,Kerala,1828,car,3.11,hostel,775,8,7,261,1,off-peak,2093,20976
Bangalore,Udaipur,1575,bus,2.06,hostel,454,4,3,717,1,monsoon,2505,13224
Chennai,Udaipur,1138,bus,3.22,airbnb,900,5,4,452,2,off-peak,2744,18193
Chennai,Udaipur,836,bus,3.28,hostel,910,4,3,709,2,peak,2623,16509
Chennai,Shimla,1599,flight,9.37,hostel,631,6,5,602,1,peak,2613,39345
Kolkata,Jaipur,600,train,1.23,airbnb,1324,5,4,606,2,summer,1757,14589
Chennai,Jaipur,1137,flight,9.31,airbnb,1254,3,2,534,1,winter,1130,26411
Kolkata,Shimla,1864,train,1.81,hotel,2301,3,2,389,2,peak,2557,16241
Bangalore,Kerala,1718,car,4.75,hotel,2214,5,4,722,4,winter,2995,42612
Bangalore,Goa,1065,bus,3.24,airbnb,2442,8,7,563,4,winter,1813,43824
Hyderabad,Jaipur,671,train,1.52,airbnb,1008,10,9,479,3,winter,2136,27618
Hyderabad,Goa,1523,bus,2.26,airbnb,2428,2,1,631,1,peak,1431,12005
Delhi,Manali,538,bus,1.99,airbnb,1755,4,3,621,3,monsoon,2425,17283
Bangalore,Kerala,520,flight,4.97,airbnb,2352,4,3,797,3,off-peak,1484,23273
Mumbai,Jaipur,2164,train,0.6,airbnb,1763,9,8,703,1,peak,1806,24834
Bangalore,Goa,1843,flight,6.52,airbnb,1409,7,6,239,4,summer,591,39770
Mumbai,Manali,1784,flight,9.43,hostel,953,10,9,581,1,monsoon,2508,50541
Chennai,Udaipur,851,train,2.35,hostel,975,10,9,630,2,monsoon,927,26302
Chennai,Kerala,1833,flight,5.93,hotel,1318,10,9,301,2,winter,1087,40708
Hyderabad,Shimla,752,train,0.53,airbnb,1106,7,6,304,4,peak,2447,18392
Chennai,Manali,1781,flight,5.43,hostel,417,3,2,550,2,peak,2551,26027
Chennai,Goa,2377,bus,1.56,hotel,1970,9,8,585,3,winter,2146,41117
Bangalore,Manali,1824,flight,9.68,hostel,808,6,5,530,1,off-peak,684,43217
Kolkata,Goa,510,bus,2.13,hostel,607,2,1,232,2,summer,2254,5962
Hyderabad,Udaipur,335,car,3.59,hostel,604,3,2,246,4,winter,1941,8506
Kolkata,Shimla,1004,train,0.55,airbnb,2072,3,2,362,1,off-peak,1839,8173
Delhi,Shimla,1189,flight,8.0,hotel,2771,2,1,247,4,summer,2156,25927
Mumbai,Manali,1103,train,2.18,hotel,2367,2,1,614,4,summer,2958,15046
Hyderabad,Shimla,1343,train,1.5,hostel,941,7,6,637,1,monsoon,1310,15444
Delhi,Goa,201,car,3.31,hostel,893,4,3,771,3,peak,2751,16013
Delhi,Kerala,2090,bus,3.08,hotel,1795,6,5,236,3,off-peak,1075,27172
Bangalore,Udaipur,548,train,2.34,airbnb,845,3,2,701,2,peak,2779,11240
Mumbai,Shimla,2010,bus,3.14,hotel,2462,3,2,529,4,winter,2556,26451
Bangalore,Kerala,265,car,4.78,hostel,798,3,2,490,1,summer,1402,7001
Delhi,Udaipur,1734,bus,3.2,hostel,774,5,4,436,2,off-peak,923,19477
Chennai,Udaipur,173,car,3.11,hotel,2071,4,3,741,2,peak,2788,16005
Kolkata,Udaipur,2429,bus,2.35,hotel,2232,2,1,210,1,off-peak,1686,15754
Hyderabad,Manali,2237,flight,7.49,airbnb,1945,7,6,743,4,monsoon,1152,67136
Chennai,Goa,940,flight,4.6,hostel,925,6,5,253,2,summer,2085,18394
Mumbai,Shimla,1764,car,4.36,hotel,1610,8,7,714,1,summer,2852,35216
Chennai,Jaipur,1653,flight,9.08,hotel,1552,7,6,491,4,summer,1107,54185
Hyderabad,Shimla,941,bus,1.64,hostel,924,2,1,299,3,peak,1946,7750
Bangalore,Kerala,2352,flight,8.43,hostel,646,6,5,209,3,peak,2350,48997
Mumbai,Jaipur,470,bus,1.55,hotel,1626,6,5,620,2,monsoon,2062,19089
Chennai,Jaipur,1422,flight,6.63,airbnb,1265,2,1,367,3,summer,2680,25003
Bangalore,Shimla,1947,bus,3.14,airbnb,1178,4,3,334,4,peak,705,21810
Kolkata,Goa,812,car,3.91,hostel,559,2,1,438,4,off-peak,1267,11680
Hyderabad,Shimla,1028,car,3.2,airbnb,2364,8,7,654,3,peak,2276,41099
Mumbai,Manali,267,train,2.31,hostel,639,2,1,497,1,winter,1904,4771
Mumbai,Kerala,198,car,4.06,hostel,845,7,6,354,3,peak,1467,15579
Chennai,Shimla,1205,train,1.41,hotel,2379,5,4,713,3,summer,2098,25707
Chennai,Goa,159,flight,5.32,hostel,584,4,3,559,2,peak,2067,9983
Delhi,Kerala,2417,train,0.71,airbnb,1704,9,8,301,1,summer,953,20726
Chennai,Kerala,755,train,1.01,hostel,964,3,2,530,4,off-peak,2748,12561
Kolkata,Shimla,288,flight,4.41,hostel,509,8,7,300,2,peak,1954,12857
Delhi,Shimla,1734,car,4.45,airbnb,2428,5,4,446,3,summer,2171,34006
Chennai,Udaipur,1666,bus,2.33,hostel,903,8,7,369,4,off-peak,1837,27730
Chennai,Manali,216,car,4.81,hotel,2226,7,6,495,2,peak,1376,23740
Hyderabad,Manali,1134,bus,2.78,hostel,850,4,3,666,2,monsoon,2643,16826
Bangalore,Kerala,128,train,0.64,hostel,743,10,9,501,4,winter,850,27741
Hyderabad,Jaipur,186,train,1.89,airbnb,2067,9,8,536,4,monsoon,2035,38570
Delhi,Kerala,915,car,4.58,hotel,1938,3,2,304,3,peak,1190,16183
Bangalore,Jaipur,204,car,4.44,hotel,2866,4,3,396,2,monsoon,1086,14664
Mumbai,Shimla,1982,car,3.42,airbnb,971,9,8,534,1,summer,1087,27218
Chennai,Kerala,2235,car,3.14,hotel,2312,2,1,491,1,winter,2777,20107
Kolkata,Udaipur,1714,flight,4.47,hotel,2926,10,9,685,1,peak,1599,50106
Kolkata,Manali,1255,bus,2.08,hotel,2605,2,1,637,4,summer,2906,15828
Mumbai,Goa,1417,car,3.91,airbnb,1497,3,2,742,4,summer,2258,25237
Delhi,Shimla,2432,car,4.77,airbnb,1870,3,2,649,1,monsoon,1336,30224
Delhi,Kerala,1040,flight,9.86,hostel,606,8,7,379,3,monsoon,626,34473
Delhi,Manali,291,flight,4.29,hostel,962,3,2,760,4,monsoon,2060,15601
Kolkata,Goa,2109,flight,4.75,airbnb,1526,6,5,670,2,summer,2145,37850
Hyderabad,Kerala,2008,bus,2.18,hotel,1967,7,6,220,4,off-peak,2707,29424
Bangalore,Manali,1529,flight,8.2,airbnb,1672,9,8,737,3,monsoon,1026,59377
Delhi,Goa,161,bus,2.6,hostel,998,2,1,519,1,monsoon,503,3376
Delhi,Manali,892,car,4.27,airbnb,1314,6,5,321,4,winter,1525,23417
Chennai,Jaipur,1609,train,1.62,hostel,446,9,8,566,3,summer,2871,26934
Delhi,Jaipur,2404,flight,7.64,hostel,514,3,2,773,3,off-peak,1553,46271
Mumbai,Udaipur,432,flight,5.02,airbnb,2269,4,3,283,3,off-peak,1250,15790
Hyderabad,Goa,1518,bus,1.79,airbnb,2393,3,2,679,3,winter,1747,18078
Mumbai,Udaipur,635,flight,9.07,hostel,734,9,8,716,2,peak,1003,31282
Delhi,Kerala,585,flight,9.91,airbnb,843,5,4,427,3,peak,2204,23576
Kolkata,Manali,1912,flight,7.82,hostel,966,7,6,383,2,peak,2618,43680
Bangalore,Shimla,1935,car,4.52,hostel,651,9,8,565,3,peak,2884,40839
Kolkata,Goa,1838,bus,2.71,hostel,837,8,7,469,2,summer,2107,25432
Hyderabad,Shimla,2042,flight,7.01,hostel,432,10,9,219,2,winter,2061,38958
Kolkata,Jaipur,967,car,3.19,hostel,669,5,4,503,2,summer,857,14732
Bangalore,Goa,1588,car,3.88,hotel,1113,2,1,442,3,peak,2413,18501
Kolkata,Manali,702,car,3.13,airbnb,802,6,5,711,3,winter,1218,22421
Bangalore,Kerala,1775,flight,9.73,hotel,2065,10,9,516,4,monsoon,829,74596
Kolkata,Kerala,272,flight,9.29,hotel,2062,3,2,250,3,monsoon,1154,12582
Delhi,Manali,326,bus,1.82,airbnb,904,2,1,644,2,off-peak,1239,5906
Mumbai,Udaipur,1875,train,2.15,hotel,2272,4,3,476,1,off-peak,521,17304
Delhi,Kerala,327,flight,9.11,hostel,759,3,2,265,3,winter,1891,11752
Delhi,Manali,2424,car,4.42,airbnb,2268,10,9,716,1,off-peak,1195,50195
Chennai,Jaipur,1727,bus,2.73,hotel,1915,4,3,281,2,summer,1091,18513
Kolkata,Goa,1565,train,0.58,hotel,1946,3,2,648,1,monsoon,1922,9573
Hyderabad,Udaipur,2271,flight,8.22,hostel,876,5,4,480,3,monsoon,2231,50270
Bangalore,Manali,1283,bus,1.66,hostel,402,9,8,432,1,peak,827,12191
Mumbai,Jaipur,1766,car,3.98,airbnb,1791,10,9,699,4,monsoon,1843,59979
Hyderabad,Goa,802,train,0.93,hostel,640,8,7,458,4,monsoon,2383,23011
Bangalore,Kerala,743,bus,2.12,hotel,2886,8,7,737,2,winter,1004,36148
Mumbai,Kerala,2217,car,3.58,hostel,594,8,7,578,2,winter,2342,31622
Bangalore,Manali,2323,bus,2.99,airbnb,1609,5,4,405,2,winter,1143,25521
Mumbai,Kerala,1856,bus,2.92,hotel,1452,4,3,391,1,summer,537,17296
Bangalore,Udaipur,963,bus,2.23,airbnb,1339,4,3,377,4,monsoon,1823,16167
Bangalore,Jaipur,2195,car,3.24,airbnb,1220,7,6,556,3,summer,1687,34907
Kolkata,Manali,394,car,3.86,airbnb,1054,10,9,622,1,peak,1591,20339
Kolkata,Udaipur,198,bus,2.72,airbnb,1655,8,7,387,1,off-peak,2029,17787
Delhi,Manali,2439,bus,3.38,airbnb,1004,7,6,356,3,off-peak,1587,31575
Delhi,Udaipur,1975,flight,4.55,hostel,400,7,6,580,1,peak,2071,26504
Delhi,Manali,1523,car,4.76,hostel,662,8,7,401,3,peak,671,29428
Bangalore,Goa,1309,train,0.67,airbnb,832,9,8,407,1,peak,2174,14247
Kolkata,Udaipur,1440,flight,7.22,hotel,2146,7,6,206,2,summer,1683,38237
Bangalore,Manali,1453,bus,2.88,hostel,797,10,9,327,1,monsoon,2903,21715
Bangalore,Udaipur,2297,car,4.28,airbnb,1409,10,9,245,1,peak,1709,36502
Kolkata,Shimla,1368,flight,4.43,airbnb,1897,3,2,534,2,winter,848,19966
Delhi,Udaipur,2211,car,4.12,airbnb,2216,8,7,442,1,summer,534,37801
Hyderabad,Udaipur,2195,car,3.75,hotel,2700,5,4,236,3,monsoon,1240,32042
Mumbai,Goa,744,train,0.7,hotel,1257,10,9,678,2,peak,2157,28072
Mumbai,Udaipur,1948,car,3.07,hostel,630,4,3,701,1,off-peak,1093,17748
Hyderabad,Goa,2327,car,3.02,airbnb,2453,10,9,737,2,off-peak,2430,53302
Mumbai,Shimla,1274,flight,4.82,airbnb,831,2,1,759,4,off-peak,2673,21857
Mumbai,Shimla,696,train,1.79,airbnb,2162,6,5,618,1,peak,1538,18548
Mumbai,Kerala,2217,car,4.03,hotel,2594,5,4,792,4,peak,2959,47044
Hyderabad,Shimla,2208,train,1.73,hostel,751,7,6,346,3,peak,719,20131
Mumbai,Manali,2104,train,2.34,hotel,2752,9,8,282,4,off-peak,1585,43600
Delhi,Shimla,318,bus,2.2,hotel,2570,4,3,607,1,peak,2469,14006
Mumbai,Udaipur,1169,flight,5.5,hotel,1418,3,2,623,3,peak,1401,22703
Delhi,Goa,1638,bus,2.35,airbnb,917,3,2,304,1,winter,2075,12520
Bangalore,Manali,1511,bus,2.99,hotel,1084,9,8,374,1,winter,1419,22493
Chennai,Manali,1718,car,3.84,hotel,1451,6,5,355,1,winter,2604,25183
Delhi,Jaipur,2274,train,2.12,hostel,854,3,2,658,2,summer,1341,16639
Bangalore,Shimla,162,flight,7.06,hotel,2183,7,6,512,1,monsoon,570,19539
Chennai,Shimla,1817,bus,3.05,airbnb,1333,3,2,731,4,peak,685,23207
Mumbai,Kerala,1286,bus,2.75,hostel,894,6,5,396,4,summer,1954,23001
Hyderabad,Jaipur,2095,car,3.5,hotel,2579,5,4,651,3,monsoon,2639,37385
Kolkata,Shimla,2477,car,3.23,hotel,1125,2,1,378,2,peak,1532,20170
Delhi,Goa,2260,car,3.89,airbnb,949,3,2,254,4,peak,1827,24356
Chennai,Jaipur,922,flight,8.3,hotel,2536,3,2,298,3,winter,883,23942
Bangalore,Manali,2023,flight,8.45,airbnb,2254,8,7,606,3,off-peak,2446,66957
Bangalore,Goa,2352,bus,1.56,hotel,1652,6,5,718,3,summer,1268,29790
Delhi,Shimla,601,car,3.81,hotel,2473,7,6,480,3,off-peak,1988,31486
Chennai,Goa,456,bus,2.47,hostel,945,8,7,271,4,off-peak,1393,18933
Hyderabad,Udaipur,1908,car,4.05,hostel,882,3,2,696,2,peak,2140,23535
Mumbai,Jaipur,300,car,4.96,airbnb,2248,2,1,349,4,summer,2579,10595
Bangalore,Goa,1868,car,3.3,airbnb,1962,2,1,429,4,summer,1776,19499
Bangalore,Goa,1111,car,3.35,hostel,772,10,9,692,1,monsoon,571,21883
Bangalore,Shimla,239,car,4.5,airbnb,2155,9,8,688,1,summer,2944,28527
Bangalore,Manali,1640,train,1.39,hostel,458,4,3,628,2,summer,1987,12944
Chennai,Shimla,2231,bus,2.32,airbnb,2483,7,6,317,4,winter,2338,36464
Bangalore,Jaipur,1504,train,2.19,hotel,2648,3,2,426,1,peak,2594,15756
Kolkata,Goa,1820,bus,1.57,hotel,2470,3,2,672,2,winter,2730,17417
Chennai,Udaipur,1891,car,4.94,hotel,2771,9,8,353,1,summer,808,44836
Bangalore,Kerala,2121,car,3.74,hostel,948,2,1,300,3,off-peak,2168,20781
Kolkata,Jaipur,2345,car,4.64,hotel,1328,3,2,496,4,monsoon,1958,32328
Delhi,Jaipur,525,flight,9.6,hostel,426,10,9,533,3,monsoon,921,30825
Kolkata,Jaipur,1801,car,4.89,airbnb,1406,4,3,214,2,off-peak,1711,25255
Hyderabad,Shimla,2195,flight,4.15,hostel,433,9,8,464,3,summer,694,34904
Bangalore,Shimla,1376,bus,3.44,hostel,860,5,4,360,3,summer,687,18994
Bangalore,Jaipur,1824,flight,4.43,airbnb,2489,6,5,775,3,summer,2551,45107
Kolkata,Jaipur,2462,bus,2.39,hotel,2439,7,6,742,3,winter,1232,43216
Hyderabad,Udaipur,1684,train,1.36,hotel,1832,8,7,721,2,peak,2298,31238
Delhi,Jaipur,2179,bus,3.03,airbnb,2306,4,3,695,2,off-peak,2873,28556
Kolkata,Goa,2426,train,1.09,hostel,691,7,6,582,2,monsoon,2215,19798
Delhi,Manali,1825,train,1.56,hotel,1208,2,1,436,4,summer,958,11348
Bangalore,Manali,336,train,0.69,airbnb,1022,2,1,639,3,off-peak,1954,7274
Hyderabad,Manali,1611,flight,5.66,airbnb,1390,2,1,372,2,off-peak,881,21996
Bangalore,Shimla,1885,bus,3.18,hotel,2269,4,3,755,1,peak,1694,23510
Kolkata,Jaipur,742,train,1.62,airbnb,1899,8,7,450,2,off-peak,2182,25079
Chennai,Shimla,1694,flight,5.49,hotel,1975,9,8,272,4,peak,2298,46490
Mumbai,Kerala,2354,train,1.95,hostel,734,6,5,549,1,peak,1162,17307
Delhi,Jaipur,1080,flight,4.94,airbnb,1869,5,4,363,2,monsoon,875,22651
Delhi,Udaipur,932,car,4.69,hotel,1229,7,6,438,2,monsoon,1633,23881
Mumbai,Udaipur,735,bus,2.58,hostel,648,6,5,572,1,off-peak,1664,12129
Bangalore,Shimla,1818,flight,5.44,hostel,720,3,2,797,4,summer,1113,31897
Hyderabad,Goa,1977,flight,6.58,airbnb,2475,3,2,540,3,off-peak,2408,38235
Hyderabad,Kerala,1608,flight,7.88,hostel,782,6,5,725,4,winter,1340,47992
Chennai,Goa,342,train,2.13,hostel,512,5,4,217,1,peak,1426,6016
Delhi,Manali,1059,flight,9.05,hotel,2749,3,2,791,3,monsoon,1119,32904
Mumbai,Udaipur,235,train,2.3,hotel,2364,8,7,650,2,off-peak,1073,29102
Mumbai,Kerala,1008,flight,4.05,hostel,803,7,6,462,3,monsoon,1257,23942
Kolkata,Kerala,2452,flight,8.34,hotel,2224,3,2,351,4,monsoon,2225,51784
Chennai,Shimla,636,flight,9.85,airbnb,2445,6,5,253,4,winter,2687,33513
Hyderabad,Udaipur,782,car,4.73,hotel,1580,7,6,586,4,winter,2449,35735
Bangalore,Goa,1224,car,4.53,hotel,2691,9,8,709,2,summer,2455,47834
Mumbai,Jaipur,338,car,4.58,hostel,904,4,3,780,2,winter,2741,14789
Bangalore,Udaipur,2189,flight,7.63,hotel,1220,3,2,628,4,peak,2653,46033
Chennai,Manali,1682,flight,8.6,hotel,1425,9,8,328,2,peak,2920,49154
Bangalore,Udaipur,1738,car,4.63,hotel,2678,4,3,556,2,monsoon,2305,30881
Delhi,Kerala,1202,car,4.83,airbnb,2158,6,5,429,4,monsoon,1692,34389
Mumbai,Udaipur,2122,bus,2.14,hotel,2010,2,1,622,1,off-peak,1952,14288
Hyderabad,Manali,1082,car,4.4,airbnb,1719,10,9,664,3,off-peak,1501,46414
Bangalore,Kerala,1858,flight,8.9,hotel,1857,9,8,281,2,summer,2254,55240
Hyderabad,Udaipur,2121,bus,2.85,hotel,2584,2,1,700,2,winter,1355,18829
Hyderabad,Jaipur,389,bus,3.08,hotel,2593,7,6,634,3,winter,716,31984
Chennai,Goa,1695,train,0.87,hotel,1070,3,2,656,3,summer,1030,12023
Chennai,Jaipur,749,train,1.02,hotel,2277,5,4,280,4,summer,888,17124
Hyderabad,Kerala,398,car,4.64,hostel,474,3,2,526,2,summer,2237,10034
Bangalore,Jaipur,1778,bus,2.97,airbnb,849,8,7,268,2,winter,1140,21932
Hyderabad,Shimla,2498,train,1.34,hotel,2915,10,9,367,1,peak,1936,38536
Bangalore,Manali,1479,bus,2.02,hostel,932,4,3,431,3,peak,2889,16832
Bangalore,Shimla,713,flight,4.19,hotel,2986,3,2,624,2,off-peak,1962,17653
Bangalore,Udaipur,598,bus,3.23,hotel,1946,9,8,765,1,off-peak,572,26888
Chennai,Shimla,2070,train,2.4,hotel,1400,7,6,319,4,winter,2825,30093
Kolkata,Udaipur,277,flight,9.32,hostel,648,5,4,707,3,summer,628,18988
Bangalore,Goa,1107,bus,2.8,hotel,1164,7,6,688,1,peak,2514,20513
Bangalore,Kerala,1024,bus,2.2,hostel,839,5,4,280,1,summer,2711,11973
Bangalore,Kerala,774,car,3.19,hotel,1125,4,3,434,3,summer,974,14495
Delhi,Shimla,1410,car,4.71,hotel,2453,7,6,718,3,off-peak,1550,44628
Bangalore,Jaipur,950,bus,1.57,airbnb,1094,2,1,219,1,summer,2425,6940
Kolkata,Udaipur,1709,train,1.96,hostel,710,3,2,540,2,off-peak,1535,12894
Mumbai,Kerala,473,car,3.47,hostel,833,5,4,312,2,monsoon,1870,11605
Chennai,Jaipur,2265,car,4.37,hotel,1968,4,3,675,1,peak,2247,30647
Mumbai,Kerala,146,train,2.08,airbnb,1986,9,8,587,1,winter,1152,22930
Bangalore,Jaipur,1617,bus,2.1,airbnb,2469,6,5,280,3,summer,2100,26276
Chennai,Jaipur,1110,bus,1.56,hostel,576,8,7,799,2,off-peak,1421,21700
Hyderabad,Shimla,324,train,1.52,hostel,794,6,5,394,2,winter,2658,12341
Delhi,Jaipur,1327,train,2.47,airbnb,1677,10,9,288,2,off-peak,1108,28516
Delhi,Manali,143,train,0.84,airbnb,1250,8,7,680,4,peak,2893,33643
Mumbai,Manali,317,car,3.18,hotel,2257,3,2,498,2,winter,1331,10849
Hyderabad,Udaipur,1174,car,4.58,hostel,806,3,2,433,2,off-peak,1421,16385
Mumbai,Kerala,318,bus,2.14,hostel,554,2,1,790,3,winter,2276,8931
Hyderabad,Udaipur,668,bus,3.46,hotel,1439,9,8,680,4,winter,1553,42168
Mumbai,Kerala,518,bus,1.86,hotel,2272,4,3,323,2,off-peak,2017,13344
Kolkata,Udaipur,228,flight,6.86,hostel,775,9,8,719,4,summer,2516,37728
Hyderabad,Kerala,331,train,2.33,airbnb,1378,5,4,603,2,summer,2780,15864
Delhi,Goa,2380,bus,1.78,hotel,1905,2,1,713,2,winter,1870,15100
Mumbai,Manali,2463,bus,2.86,airbnb,2172,10,9,431,3,monsoon,826,47392
Mumbai,Goa,282,car,4.81,hotel,1513,5,4,564,3,peak,870,18095
Bangalore,Shimla,332,train,0.84,hostel,428,10,9,599,1,summer,2776,13176
Chennai,Goa,202,flight,7.74,hostel,461,6,5,236,4,winter,2181,13277
Chennai,Manali,1249,train,1.25,hotel,1637,6,5,470,1,winter,2296,16424
Bangalore,Udaipur,508,train,1.16,hotel,1625,5,4,676,2,off-peak,1156,15595
Chennai,Jaipur,604,car,4.28,hotel,1554,6,5,575,4,peak,2050,28790
Hyderabad,Shimla,2123,car,4.58,hostel,766,4,3,599,2,monsoon,1183,27720
Mumbai,Shimla,1820,train,0.72,airbnb,807,7,6,570,2,monsoon,1722,17165
Kolkata,Jaipur,2177,car,4.27,hostel,929,10,9,210,2,off-peak,1232,32385
Mumbai,Manali,2220,car,3.29,hotel,1586,8,7,576,1,winter,1626,31944
Mumbai,Shimla,1848,bus,3.21,hotel,1893,2,1,659,3,peak,1200,18911
Hyderabad,Udaipur,1699,flight,6.11,airbnb,2310,2,1,670,1,winter,2231,26643
Delhi,Kerala,858,train,2.15,hotel,1772,2,1,265,2,winter,2147,8668
Mumbai,Udaipur,2387,bus,1.9,hotel,1242,9,8,680,3,off-peak,1579,38946
Kolkata,Jaipur,2170,flight,6.91,hotel,1183,3,2,233,2,winter,658,34411
Bangalore,Jaipur,231,train,1.72,airbnb,1641,2,1,579,1,monsoon,1673,5267
Chennai,Udaipur,1861,bus,2.39,hostel,916,7,6,696,1,monsoon,2901,22165
Bangalore,Manali,2265,car,3.39,hotel,1006,6,5,385,2,summer,2350,27357
Chennai,Jaipur,975,car,3.46,hostel,878,8,7,244,1,peak,2324,17169
Chennai,Manali,909,flight,7.63,hotel,2714,6,5,646,4,off-peak,1794,44739
Kolkata,Jaipur,1366,train,1.64,airbnb,1492,5,4,689,2,off-peak,758,18096
Mumbai,Manali,2313,car,3.68,hotel,2778,5,4,570,4,summer,2639,42175
Bangalore,Udaipur,1560,train,0.69,hotel,1477,9,8,266,4,peak,2022,25567
Kolkata,Manali,1125,bus,2.11,airbnb,1514,8,7,257,3,off-peak,2556,24070
Chennai,Udaipur,2240,bus,1.64,hostel,651,5,4,393,2,off-peak,1800,15681
Bangalore,Jaipur,1331,train,0.72,hostel,750,7,6,762,3,off-peak,1452,23871
Bangalore,Jaipur,1683,bus,1.85,hostel,477,2,1,334,2,off-peak,1540,9580
Mumbai,Goa,1162,bus,2.2,hostel,481,8,7,250,2,peak,2893,15373
Mumbai,Kerala,1251,car,3.44,hotel,2633,4,3,692,3,monsoon,2081,26891
Delhi,Jaipur,1917,car,4.56,hostel,937,3,2,733,1,off-peak,1991,23547
Delhi,Jaipur,1314,flight,8.84,hostel,634,6,5,303,2,off-peak,541,30579
Delhi,Manali,1223,bus,3.26,airbnb,1841,8,7,584,2,monsoon,2846,33051
Chennai,Udaipur,1963,train,1.98,airbnb,2191,5,4,476,2,winter,2588,23885
Chennai,Goa,398,train,0.91,hostel,666,8,7,308,3,monsoon,1916,14694
Delhi,Udaipur,824,car,4.73,airbnb,1068,3,2,248,2,off-peak,1870,13289
Chennai,Udaipur,162,bus,2.73,airbnb,1800,2,1,322,3,monsoon,1320,5937
Mumbai,Udaipur,2241,train,2.1,airbnb,1840,6,5,767,1,winter,1675,24889
Chennai,Shimla,1623,bus,1.57,hotel,2003,10,9,688,3,summer,1198,44961
Bangalore,Shimla,2475,car,3.02,airbnb,1187,4,3,365,2,off-peak,1328,22758
Delhi,Udaipur,804,car,3.87,airbnb,1762,6,5,757,1,peak,731,20306
Mumbai,Udaipur,2118,flight,4.1,airbnb,2356,6,5,614,4,peak,1263,45147
Kolkata,Goa,2409,bus,2.39,hostel,746,9,8,235,4,monsoon,2529,28472
Delhi,Shimla,1670,bus,1.58,airbnb,2462,6,5,311,4,summer,1976,27027
Bangalore,Udaipur,1078,bus,2.84,hostel,984,10,9,728,2,winter,2912,32451
Mumbai,Kerala,1635,car,4.02,hotel,2740,5,4,652,4,winter,1012,38157
Delhi,Manali,1014,flight,8.87,airbnb,1793,10,9,534,3,peak,1025,51170
Chennai,Jaipur,1955,flight,7.16,airbnb,1631,7,6,725,2,off-peak,858,48790
Delhi,Udaipur,1246,flight,4.96,hotel,1092,6,5,358,3,peak,632,24896
Bangalore,Manali,1806,car,4.87,airbnb,1343,8,7,496,1,monsoon,2220,33179
Delhi,Manali,353,train,2.49,hotel,1562,10,9,667,2,winter,2860,32016
Kolkata,Kerala,1785,bus,3.15,hotel,2619,2,1,371,1,off-peak,1776,16382
Delhi,Shimla,1210,train,0.69,hostel,617,2,1,257,4,summer,2620,6963
Hyderabad,Manali,280,car,3.63,airbnb,1618,9,8,781,2,winter,2061,31096
Kolkata,Udaipur,1304,bus,1.59,hostel,512,4,3,675,1,off-peak,2233,10616
Delhi,Goa,2086,bus,1.79,hotel,2591,6,5,760,2,off-peak,1833,31376
Chennai,Jaipur,188,flight,7.67,airbnb,1981,8,7,739,3,winter,2652,37139
Delhi,Shimla,552,train,1.16,hostel,575,7,6,351,2,winter,2808,12453
Hyderabad,Goa,523,flight,8.91,airbnb,1176,9,8,202,3,summer,2876,27058
Hyderabad,Manali,658,flight,7.55,hotel,1921,7,6,249,4,peak,2451,30885
Delhi,Kerala,2132,bus,1.9,airbnb,2222,8,7,680,4,off-peak,2367,47783
Delhi,Manali,533,bus,3.02,hotel,1908,4,3,546,1,off-peak,2183,13310
Delhi,Udaipur,1699,bus,2.98,airbnb,1787,8,7,399,3,winter,661,32872
Hyderabad,Kerala,2267,train,1.88,airbnb,2440,8,7,373,1,monsoon,2809,31397
Kolkata,Goa,548,car,4.07,hostel,460,7,6,654,1,off-peak,717,12516
Bangalore,Shimla,1968,car,4.3,hostel,412,9,8,658,4,monsoon,1204,45113
Delhi,Goa,379,car,4.0,airbnb,2418,4,3,734,1,monsoon,1950,15172
Bangalore,Shimla,2031,flight,9.15,hotel,1237,10,9,325,2,off-peak,517,55317
Delhi,Manali,1365,car,4.0,hostel,717,4,3,692,1,summer,767,16606
Mumbai,Kerala,2139,train,2.09,airbnb,1492,8,7,564,4,winter,838,38271
Kolkata,Jaipur,1117,car,3.46,hotel,2942,4,3,289,3,monsoon,2028,22052
Delhi,Goa,460,flight,6.79,airbnb,822,8,7,681,3,off-peak,1509,29854
Chennai,Jaipur,1457,flight,8.51,hostel,495,10,9,602,2,summer,2138,43431
Chennai,Kerala,496,bus,3.47,hostel,413,10,9,534,4,off-peak,1003,29522
Chennai,Shimla,103,bus,3.28,airbnb,1371,4,3,491,2,peak,1593,10310
Mumbai,Kerala,1696,car,4.28,hostel,469,2,1,791,1,summer,1521,18090
Delhi,Goa,1176,bus,3.23,hotel,1372,4,3,670,2,monsoon,1256,18329
